loss,mae,rmse,val_loss,val_mae,val_rmse
0.10973527282476425,0.2485097348690033,0.33126309514045715,0.1979907602071762,0.32075726985931396,0.4449615180492401
0.06570274382829666,0.19005092978477478,0.25632545351982117,0.19724753499031067,0.30192968249320984,0.44412556290626526
0.05318525806069374,0.16691114008426666,0.23061929643154144,0.18954212963581085,0.30532926321029663,0.43536436557769775
0.04814126342535019,0.1563597470521927,0.21941117942333221,0.15915445983409882,0.28811779618263245,0.39894166588783264
0.044955477118492126,0.1497369259595871,0.21202705800533295,0.14205849170684814,0.27231183648109436,0.37690648436546326
0.04307691007852554,0.14529109001159668,0.20754976570606232,0.14637787640094757,0.27328795194625854,0.38259363174438477
0.041201502084732056,0.14115634560585022,0.20298153162002563,0.15670180320739746,0.28234031796455383,0.39585578441619873
0.03930231183767319,0.1371447592973709,0.19824810326099396,0.1466941237449646,0.28359732031822205,0.3830066919326782
0.03891922906041145,0.1356780081987381,0.19727957248687744,0.14314113557338715,0.28376317024230957,0.3783399760723114
0.03989177942276001,0.1375073790550232,0.19972926378250122,0.13303112983703613,0.2661347985267639,0.36473432183265686
0.03740784898400307,0.13262368738651276,0.19341108202934265,0.14117924869060516,0.2662523090839386,0.375738263130188
0.037827588617801666,0.1328461915254593,0.1944931596517563,0.13632147014141083,0.27539125084877014,0.3692173659801483
0.035150256007909775,0.12825967371463776,0.1874840259552002,0.13790003955364227,0.28005698323249817,0.37134894728660583
0.034248072654008865,0.12634582817554474,0.18506234884262085,0.15231731534004211,0.2888484299182892,0.39027848839759827
0.03661823272705078,0.13094818592071533,0.19135890901088715,0.1407357007265091,0.2791646122932434,0.3751475512981415
