d_adv,d_event,d_total,g_adv,g_identity,g_soc_physics,g_acc_physics,g_range,g_event,g_total,epoch
0.664188410838445,0.28136237404412695,1.2269131547874874,0.7653351565202077,0.3447525812519921,61.35003924899631,2.2562768353356257,0.0,0.2704553319348229,6.206400055355496,1
0.6139492472012837,0.06514602905760208,0.7442413071791331,0.8711966766251458,0.2435711724890603,25.97377332051595,1.561388705836402,0.0,0.058375868366824256,4.099274412790934,2
0.6499230027198791,0.025865524282885924,0.7016540514098273,0.8451564451058705,0.20668577949206035,31.5228702545166,1.2051530871126386,0.0,0.023494134056899284,3.7099752187728883,3
0.6746199833022224,0.012540743691432807,0.6997014727857378,0.7718435731199053,0.18293944232993656,25.27761099073622,0.9763349930445353,0.0,0.011197749765900274,3.2268191867404514,4
0.6710475279225243,0.00660338876510246,0.6842543078793419,0.7631093853049808,0.17457382447189754,21.38617386288113,0.8213924931155311,0.0,0.005982836707132972,3.0306760390599568,5
0.6763539870580038,0.004251434964438279,0.6848568591806624,0.7442931824260288,0.16059121158387926,18.081335661146376,0.6755253818300035,0.0,0.0038308856685438917,2.7870463053385417,6
0.68765104148123,0.0033282497425615376,0.6943075411849552,0.7267176985740662,0.14918641481134626,16.98211891386244,0.5876499232318666,0.0,0.003015996872757872,2.6230212026172213,7
0.6887930373350779,0.00198044646725369,0.6927539282374912,0.7167655944824218,0.13981274457441437,13.66500325732761,0.47745354738500384,0.0,0.0017797379463445396,2.439497945043776,8
0.68641034828292,0.0016485206731077697,0.6897073911295997,0.7164844022856818,0.1329600553545687,11.230985079871283,0.4083564731809828,0.0,0.0015073272651837518,2.314554953575134,9
0.679512267642551,0.0012929944903589785,0.6820982562171088,0.7290496110916138,0.12802077887786759,9.225520955191719,0.34829945531156326,0.0,0.001162827727643566,2.2309234036339656,10
0.6720420744684007,0.0011271905606716043,0.6742964585622152,0.7434127920203739,0.12238014969560836,7.707226541307238,0.2974520519375801,0.0,0.0010287781805446785,2.1531615972518923,11
0.6763357679049175,0.00105241064415572,0.6784405913617876,0.7495021926032173,0.12078567263152865,7.333112409379747,0.28403581000036665,0.0,0.0009814806130533625,2.1343876984384327,12
0.6762012799580892,0.0010262825222323753,0.6782538433869679,0.7423027369711134,0.11946505738629234,6.521368016137017,0.2613148859805531,0.0,0.0009376281713937512,2.095387425687578,13
0.6792258381843567,0.0008580819590456991,0.6809420022699568,0.7444082525041368,0.11752344717582067,6.144239913092719,0.24906535711553363,0.0,0.0008064748334517288,2.0690469755066765,14
0.6795113755597009,0.0008610502651814992,0.6812334802415636,0.7358612967862024,0.11475426910652055,5.629107883241441,0.242276365061601,0.0,0.0008156378446276196,2.0218450559510126,15
0.6778868854045867,0.0007374681141098133,0.6793618241945902,0.7374198569191827,0.1120956528517935,5.214874691433376,0.20843477100133895,0.0,0.0006631939552284571,1.9848437521192763,16
0.6766420662403106,0.000645518676416638,0.6779331028461456,0.7402912040551504,0.11140452449520429,4.778699896070692,0.19538230498631795,0.0,0.0005857741676865973,1.9706202268600463,17
0.6787822802861532,0.0006669491652347561,0.6801161825656891,0.7369035522143046,0.1089888945221901,5.100443487697177,0.2040664083427853,0.0,0.0006308754961032214,1.9504697614245945,18
0.6797407070795695,0.0005667837472477307,0.6808742741743724,0.7334737916787465,0.1058321148984962,4.423902993732028,0.17494891145163113,0.0,0.0005164200839418401,1.8988007413016426,19
0.6784728639655643,0.0005794919150907339,0.6796318504545423,0.7353395614359114,0.10639666840434074,4.359106606907314,0.17940895251101918,0.0,0.0005427481975251188,1.9055147647857666,20
0.6798509352737003,0.00046186439932272255,0.6807746622297499,0.735476279258728,0.10371870820720991,4.042892297108968,0.15266983790530098,0.0,0.00043819337928046784,1.8696645657221476,21
0.6779345995850034,0.0004843050428058228,0.6789032108253903,0.7344225499365065,0.10379364258713192,4.026495830217997,0.1545355843173133,0.0,0.00044015461882938525,1.8692227416568332,22
0.6790955444176991,0.0004322996924100961,0.6799601435661315,0.7323939628071255,0.10238528516557481,3.9687565750545923,0.15416190988487669,0.0,0.00039089744564585596,1.8518199298116895,23
0.6822904070218404,0.0003956235975945472,0.6830816560321384,0.7300550957520803,0.1018826740483443,3.8945573541853165,0.14077200045188268,0.0,0.00036448841047887176,1.8415791657235887,24
0.6785170978969998,0.00038193075354987137,0.679280960559845,0.7286657280392117,0.10132893828882111,3.7244288629955715,0.1435942444536421,0.0,0.00034760049262937777,1.8314983328183492,25
0.6819559521145291,0.00035575196056419775,0.6826674547460344,0.7320277021990882,0.09915424196256531,3.554918813705444,0.137041684322887,0.0,0.00031691655377572817,1.8090065081914266,26
0.6804722355471717,0.00033567782358861424,0.6811435904767779,0.7295450925827026,0.0975717263089286,3.5988105085160997,0.13656150806281303,0.0,0.0002957811551621287,1.7914862778451708,27
0.6813759452766842,0.00034128255598867935,0.682058510515425,0.7275406724876827,0.09627491053607728,3.3508619440926446,0.12448903487788307,0.0,0.00030735084647959515,1.7703706079059176,28
0.6816721843348609,0.0003066938779536738,0.68228556977378,0.7268923567401038,0.09579947590827942,3.407106810145908,0.12672378288375008,0.0,0.00027243463717038845,1.766246497631073,29
0.6833174924055735,0.000299225868447037,0.6839159455564287,0.726400946908527,0.09718946425451172,3.404091389973958,0.11756226321061453,0.0,0.00027573881978039736,1.7786851247151694,30
