tSNE1,tSNE2,Type
13.759525,-9.351042,Real
-26.970528,20.875292,Real
21.953793,-17.39141,Real
8.7963915,-18.841902,Real
14.918074,0.8256658,Real
2.830846,-29.491186,Real
33.55883,-18.031424,Real
32.759987,-19.751938,Real
11.288386,7.4439,Real
17.957788,-18.023941,Real
4.2983127,31.622698,Real
30.687088,-17.64594,Real
5.0027366,-7.687545,Real
-6.751905,-15.940869,Real
19.992735,-11.788868,Real
8.382726,-20.337524,Real
-29.045437,15.570902,Real
15.441719,-8.905256,Real
-15.153657,-10.945168,Real
17.786219,22.496956,Real
8.2226305,19.145258,Real
10.600363,29.519018,Real
-33.112946,15.949427,Real
-18.77537,21.586128,Real
-14.487858,-12.427339,Real
3.3234282,-29.23519,Real
21.574411,-10.286665,Real
11.066906,2.14945,Real
4.8074765,-4.282182,Real
-34.846672,1.6095151,Real
2.7061353,-25.92514,Real
-32.83227,16.726662,Real
2.0984623,-11.049374,Real
4.5679636,0.97837263,Real
18.29726,8.4397,Real
10.311987,-15.91116,Real
18.360357,-3.0257392,Real
-24.611116,25.567581,Real
19.984756,-16.8316,Real
6.856511,31.910185,Real
12.094768,7.101293,Real
17.962606,21.897053,Real
-32.98221,12.493439,Real
-34.68042,9.189018,Real
-25.081757,21.553959,Real
16.37742,30.375782,Real
20.553568,-1.9188961,Real
23.457645,-3.0093198,Real
-35.853775,2.335767,Real
34.780167,-20.113214,Real
13.34255,-1.9207277,Real
11.312641,-18.1908,Real
1.0593705,-2.8159206,Real
-15.015822,-8.06007,Real
15.287941,-12.738296,Real
-15.7965975,21.215437,Real
2.0571282,-8.460423,Real
23.92114,-23.880154,Real
15.977486,-1.7054498,Real
-9.355967,-25.226297,Real
-34.18831,13.398227,Real
15.642492,-1.2450576,Real
12.969606,-19.377823,Real
7.705639,-19.08572,Real
-37.248795,-3.7100976,Real
17.408485,21.159458,Real
-0.6279277,-9.980806,Real
-15.810374,-11.604644,Real
-28.032942,22.268034,Real
-33.069305,17.364767,Real
2.1864498,29.989704,Real
15.737466,1.159697,Real
23.705734,-28.54379,Real
3.2880492,-10.073027,Real
8.68026,-16.29868,Real
-15.643107,18.697683,Real
22.1399,-7.3686905,Real
-3.6894622,13.560695,Real
9.553623,-7.0978394,Real
12.27815,-19.104206,Real
26.759165,-24.102236,Real
14.412591,-3.3401031,Real
13.948935,3.496688,Real
-33.0738,15.419399,Real
-35.11516,3.5993876,Real
15.731053,20.248627,Real
15.203469,-7.8556995,Real
-6.626912,-24.032505,Real
6.6583767,17.48033,Real
13.660757,22.841944,Real
7.950529,-31.659143,Real
-8.925484,-22.897375,Real
6.7779503,3.4681149,Real
-12.48559,7.8525996,Real
17.52359,21.616783,Real
12.863557,-28.93444,Real
35.17358,-20.932285,Real
-35.692635,-3.5846782,Real
19.27602,11.310259,Real
11.30435,0.78820515,Real
17.883984,-25.478142,Real
26.927143,-20.158276,Real
24.891544,-27.758635,Real
19.419373,-12.280178,Real
-4.385131,-7.7358403,Real
-19.05248,17.30358,Real
30.500557,-20.773336,Real
4.696462,15.177762,Real
-3.5309055,-26.572605,Real
21.771423,-25.982998,Real
14.554019,24.414894,Real
6.031399,-10.400492,Real
23.785532,-26.086857,Real
-34.72223,3.811958,Real
0.10732877,-13.800663,Real
18.597958,-13.341716,Real
4.4271455,-6.0568266,Real
-34.34426,11.502804,Real
12.91733,-11.129656,Real
-14.876321,-10.574707,Real
12.243586,6.877791,Real
0.059841268,-8.545507,Real
-37.420826,1.0851614,Real
12.285434,-26.121672,Real
-26.678946,23.294529,Real
-17.09376,-3.6919377,Real
17.445843,-12.436923,Real
13.773071,1.017531,Real
8.289135,-1.3930973,Real
-34.32027,8.496646,Real
2.4508073,-4.0334454,Real
-25.765928,22.48997,Real
-7.490606,-24.330692,Real
-30.13729,25.318184,Real
10.915188,-19.519962,Real
12.476916,-18.481266,Real
30.823414,-18.745539,Real
-4.3014264,7.8080454,Real
-10.768232,-22.049526,Real
-0.20618467,14.459995,Real
20.896048,7.8845854,Real
14.106493,-28.768806,Real
-17.410858,20.581886,Real
6.176653,30.484344,Real
9.303079,-18.071,Real
5.332782,29.675556,Real
1.2081314,13.783645,Real
30.27803,-18.505232,Real
21.04905,7.2207036,Real
16.263775,-5.912235,Real
8.344114,-28.795835,Real
21.240047,-7.9481235,Real
10.986124,7.9808483,Real
15.08835,20.353022,Real
11.15042,28.19855,Real
8.522788,19.895761,Real
12.374106,2.4910786,Real
19.536757,-17.308796,Real
22.13336,-8.385693,Real
-37.4238,-8.153065,Real
6.560929,-10.861608,Real
-34.891666,15.772619,Real
3.111368,-24.69936,Real
-28.004036,18.441881,Real
-21.502638,26.086536,Real
14.010338,31.146084,Real
16.68074,-26.927156,Real
16.68012,20.656338,Real
22.64786,-26.195099,Real
5.2433085,31.931103,Real
24.637388,-28.051638,Real
-33.519417,14.45315,Real
-33.053352,14.092053,Real
18.422628,-12.570971,Real
-9.017632,-21.923151,Real
3.6673753,-17.708853,Real
26.169857,-19.18087,Real
12.176159,-15.959378,Real
20.697718,-12.303187,Real
-8.269519,-16.873295,Real
18.691717,-18.25556,Real
6.5221624,-19.34518,Real
21.81436,-16.112082,Real
18.410873,24.194859,Real
-36.03537,3.9171839,Real
-37.528614,-1.8822317,Real
6.2651,-6.645928,Real
18.013575,-13.201441,Real
-36.45424,5.2573223,Real
-12.43985,-1.1156908,Real
14.210997,-14.214999,Real
-4.3605547,-7.5815344,Real
-36.65698,-3.7122064,Real
21.879623,-9.776142,Real
-21.578053,26.976906,Real
6.5025206,32.57018,Real
2.5252001,-2.3215473,Real
12.8442,8.537253,Real
-20.97164,27.352554,Real
-32.293407,17.75714,Real
-20.457787,26.599436,Real
-3.6812103,-9.437877,Real
-30.376263,14.815703,Real
13.984871,21.589384,Real
-2.7464333,-26.95099,Real
21.41793,-2.6564152,Real
-32.16135,11.606628,Real
-26.474926,22.411095,Real
-24.975077,23.359217,Real
10.732098,2.1337645,Real
17.102976,16.080109,Real
-22.06934,25.975498,Real
-33.918034,14.167668,Real
-7.555818,8.334649,Real
7.4935465,4.081463,Real
-7.8694434,10.104109,Real
14.74032,24.26386,Real
-33.93199,10.599769,Real
24.721191,-4.3767505,Real
16.782436,14.205367,Real
18.986599,-17.047937,Real
6.078874,-11.806962,Real
3.090189,-7.519698,Real
11.802836,-8.786935,Real
-25.514385,25.015703,Real
10.463824,-15.021958,Real
-38.152454,-3.0294468,Real
10.603009,20.091118,Real
-22.002308,24.763039,Real
-7.4236727,-15.353517,Real
14.876754,-2.849789,Real
-22.040588,9.645884,Real
13.192342,-13.423647,Real
-37.578796,-7.16026,Real
22.468563,-26.349535,Real
7.0641646,5.981966,Real
20.982834,-24.549122,Real
-20.587406,25.621582,Real
20.843805,6.6120815,Real
-2.785201,-6.9871325,Real
-27.294422,9.677801,Real
-7.7543774,-18.40606,Real
16.507973,-6.7952957,Real
-35.419025,-2.0990846,Real
17.17172,26.425692,Real
13.229127,31.202917,Real
4.7245626,-6.557258,Real
17.972902,-27.066946,Real
12.491146,31.394882,Real
-25.538492,21.27789,Real
3.9869044,-29.19037,Real
-30.09411,25.04456,Real
32.628036,-19.011686,Real
18.984903,-2.3571703,Real
6.8861284,-9.143388,Real
-25.984129,24.288706,Real
14.727008,4.06943,Real
15.532412,27.483515,Real
21.52341,6.646372,Real
-36.87697,1.7448896,Real
-2.7648494,13.282285,Real
16.768522,29.932592,Real
7.1682043,3.6497574,Real
-36.129402,-2.3800774,Real
-37.120487,-5.3819613,Real
-25.959784,23.13582,Real
-32.362667,15.663779,Real
-10.312929,-16.235966,Real
18.152262,-11.926139,Real
21.590858,-2.3066683,Real
15.567982,18.962736,Real
10.325914,-29.609077,Real
-10.917885,-23.009033,Real
-31.262531,7.786679,Real
26.678751,-23.886759,Real
-35.032635,7.583005,Real
12.231373,-1.5199494,Real
12.36606,-19.84202,Real
1.6957726,4.6214633,Real
-10.110191,-23.110622,Real
4.5223594,-7.1021175,Real
17.648657,7.368436,Real
17.190342,9.744446,Real
2.4632049,-27.956732,Real
9.038392,-15.958266,Real
-4.660891,-24.573944,Real
21.873072,-1.5125437,Real
-36.48051,3.1693716,Real
33.47745,-20.648901,Real
-29.788921,9.430924,Real
5.189817,0.78615,Real
14.442304,-1.4927602,Real
-26.633987,20.967352,Real
-1.4011785,11.49393,Real
-34.31587,7.556376,Real
-34.38108,14.594706,Real
-35.262276,8.24836,Real
-8.103665,-22.966454,Real
-32.78061,-1.8922114,Real
-35.795486,3.2929513,Real
17.34538,20.290543,Real
4.1976895,-3.655462,Real
11.576381,-28.693584,Real
-34.10681,16.84707,Real
-6.5780606,-14.253814,Real
-28.918465,13.852561,Real
-4.298505,-17.19207,Real
-5.9270906,-24.40016,Real
-27.01928,19.281029,Real
-0.70218205,-8.864485,Real
-21.469147,24.664415,Real
-35.32553,13.676248,Real
7.9698143,29.723362,Real
24.550491,-24.880903,Real
31.304792,-19.225685,Real
9.431681,3.5506754,Real
16.97818,16.975685,Real
9.524826,-16.513617,Real
22.207087,-7.170745,Real
-32.44144,13.166133,Real
3.5791662,-3.9909396,Real
22.374657,-3.8295636,Real
18.184439,21.350842,Real
3.2695284,30.014154,Real
-27.54683,19.833063,Real
9.696962,28.189453,Real
-14.066297,-16.28596,Real
-25.279541,24.199587,Real
12.388858,-28.221407,Real
11.611228,-20.260069,Real
3.9295251,32.054527,Real
-32.786865,-0.9157942,Real
-1.7418911,-26.876173,Real
11.409756,-29.974665,Real
-21.122639,25.32374,Real
7.606768,32.081726,Real
1.4983225,-29.034647,Real
12.81488,1.101396,Real
11.784621,-19.679525,Real
-22.793816,23.91058,Real
27.896427,-23.892424,Real
13.401007,-18.433065,Real
-28.8228,19.993887,Real
17.134073,15.568459,Real
-28.190357,16.725204,Real
-30.828697,8.582796,Real
-8.153214,-24.852896,Real
31.77179,-21.580795,Real
31.897675,-19.489607,Real
-17.71796,14.665014,Real
17.62959,15.292057,Real
2.8545854,-16.047792,Real
8.285269,28.95193,Real
-27.957241,19.393145,Real
-1.7631243,15.462439,Real
22.089153,6.887284,Real
-12.316277,3.2719655,Real
-8.69308,-23.824219,Real
23.177916,-29.041935,Real
-30.825552,14.096052,Real
6.9212008,-17.016752,Real
1.6593976,-10.29514,Real
24.815027,-27.066544,Real
1.7184854,-9.286692,Real
7.128602,29.642063,Real
-9.76537,-22.444311,Real
-20.706375,26.583447,Real
2.674934,31.174446,Real
20.753706,-25.576807,Real
20.510508,5.940278,Real
12.103381,22.930653,Real
-34.6131,0.76311165,Real
-26.890545,23.616476,Real
15.534809,-13.99316,Real
12.449568,0.32519484,Real
-37.56218,-5.8818765,Real
-35.65,4.554927,Real
13.481607,1.7319982,Real
-31.268833,10.699243,Real
-34.62078,6.8360834,Real
2.2471123,-25.93077,Real
-1.1903577,-9.20631,Real
28.407352,-22.688848,Real
15.778071,-7.276738,Real
19.23997,-17.878958,Real
18.492346,12.597699,Real
-14.167335,-4.7631993,Real
13.294917,-0.64626044,Real
9.5647545,29.867844,Real
9.469879,20.612793,Real
3.6479175,-10.263152,Real
-1.837219,-6.432085,Real
-34.122684,15.393463,Real
7.042755,-19.373074,Real
15.494638,-18.451569,Real
19.123215,22.113688,Real
6.0638676,-21.258425,Real
1.7968373,-3.4165094,Real
18.426739,13.880263,Real
11.824931,-28.545647,Real
-12.250004,-21.00696,Real
-14.892986,-1.6173689,Real
12.537127,-2.494917,Real
-33.180317,11.433213,Real
16.823078,-3.8380735,Real
1.9921256,-25.236599,Real
20.45892,-17.565563,Real
15.920498,-7.8835254,Real
17.708908,6.674397,Real
24.843674,-5.159198,Real
9.725428,-15.795063,Real
24.409336,-6.3868356,Real
-35.505405,7.1609664,Real
22.324,-29.505342,Real
11.742777,5.7385416,Real
-22.637775,24.50111,Real
7.366863,-29.753767,Real
2.9388,31.540829,Real
16.698965,-10.624844,Real
15.133792,0.1588495,Real
-6.153324,-15.373795,Real
1.0451673,-1.8704975,Real
-36.2701,-3.0973651,Real
-3.9533603,-4.039905,Real
-25.289803,23.59886,Real
-5.32794,8.446328,Real
3.9527986,-5.9002686,Real
19.297375,-12.884495,Real
-37.136707,-9.266272,Real
24.34922,-27.883642,Real
-31.38808,13.059695,Real
15.080337,-5.529257,Real
11.129408,-16.266087,Real
16.396837,-8.220953,Real
16.040009,-9.6122,Real
1.3105782,-25.663517,Real
26.01731,-20.30302,Real
9.427373,31.116941,Real
-1.3877176,-9.562004,Real
-32.633533,12.831341,Real
19.48572,10.6154,Real
-30.13866,25.31542,Real
15.459688,16.693165,Real
9.984171,-19.798122,Real
5.4435425,21.113098,Real
-2.1999955,-26.527245,Real
-34.35592,17.002316,Real
5.3580832,1.9566624,Real
-36.830753,-1.1559674,Real
-25.861467,2.386781,Real
14.279015,-1.0307497,Real
-33.93468,8.39124,Real
19.858044,9.514904,Real
-16.355057,20.37626,Real
13.735746,0.519089,Real
3.3058472,0.33662054,Real
5.794881,-8.226792,Real
16.579298,-2.8529851,Real
-7.5628843,-16.25189,Real
-7.05032,-24.822002,Real
11.939484,1.3348562,Real
-32.838642,8.540882,Real
-35.413673,6.1669025,Real
-24.57867,24.157845,Real
-9.570014,-24.092834,Real
19.537159,5.68802,Real
-4.313425,14.103275,Real
11.711,-1.8606347,Real
12.659658,-0.9050366,Real
19.700954,-0.71297544,Real
-27.566042,22.942123,Real
24.93592,-5.906712,Real
11.614281,21.32153,Real
11.515401,-24.194876,Real
-21.354412,26.553831,Real
-37.69342,-6.5332923,Real
18.582735,-13.909631,Real
20.261683,-3.8689222,Real
2.8928888,-6.282131,Real
13.371237,29.429033,Real
-8.026023,-26.557543,Real
3.1496801,30.553905,Real
2.3018,-7.792984,Real
21.695183,-23.866497,Real
-12.482624,-1.7304494,Real
1.2405223,-28.225355,Real
32.015152,-18.939844,Real
8.637209,-29.864006,Real
16.991053,9.994022,Real
19.04569,-26.59699,Real
16.383009,-12.8587885,Real
0.83157843,13.064455,Real
15.758122,-13.58033,Real
-1.8796059,-4.3327084,Real
16.141706,30.582224,Real
-1.1007485,-26.463564,Real
6.038758,-29.508816,Real
26.650541,-28.3725,Real
17.41468,-3.5758717,Real
16.531702,0.496253,Real
-23.039019,7.8234897,Generated
-6.0758142,8.029504,Generated
29.9225,-19.401577,Generated
-27.881622,6.6511726,Generated
1.2147686,14.298915,Generated
3.5010278,-27.415697,Generated
31.330881,-17.196987,Generated
32.471806,-20.441385,Generated
3.8468547,-9.864547,Generated
19.13878,-18.9109,Generated
-22.013678,22.52494,Generated
7.2652197,30.606577,Generated
-2.2254841,-1.7014759,Generated
0.8548076,-16.4185,Generated
-19.905102,18.521814,Generated
-6.5460567,-16.726921,Generated
-9.236192,7.745768,Generated
-22.496521,8.736647,Generated
-36.3698,2.5961754,Generated
12.7476425,26.44161,Generated
8.977506,31.379854,Generated
11.562185,26.76747,Generated
-21.00215,20.855543,Generated
3.7527127,14.4352455,Generated
-32.93835,-2.715448,Generated
5.791195,-29.036715,Generated
-15.718156,16.805721,Generated
-12.574021,12.130354,Generated
-9.777906,6.8883758,Generated
-15.186818,-9.8539915,Generated
5.1982813,-29.34113,Generated
-27.24354,17.930922,Generated
-9.232229,-15.591344,Generated
1.92603,-1.297206,Generated
19.013319,8.126386,Generated
-25.440311,7.0906186,Generated
-20.30151,9.280939,Generated
-29.425055,13.41354,Generated
-16.853231,14.941133,Generated
6.4573364,28.639235,Generated
3.4986076,-4.75263,Generated
12.732335,28.81807,Generated
-13.235386,-1.0541228,Generated
-14.109573,-1.6638571,Generated
-10.6002655,9.20832,Generated
15.414563,30.080725,Generated
3.6189606,6.2451067,Generated
5.8536377,11.50482,Generated
-17.779495,-10.936511,Generated
34.882977,-20.20551,Generated
5.733357,-9.47508,Generated
-25.841387,5.051448,Generated
-22.688879,7.2339644,Generated
-28.127169,15.5634575,Generated
-26.414862,10.665193,Generated
4.586356,14.681179,Generated
1.902679,-15.712838,Generated
26.49424,-20.81905,Generated
14.296163,-9.901876,Generated
-14.426711,-17.845602,Generated
-12.088467,-0.09199265,Generated
12.093948,-9.431981,Generated
14.396822,-20.110535,Generated
-36.41286,-0.67242384,Generated
-12.797778,11.486771,Generated
10.814548,26.788992,Generated
1.8058563,-16.621326,Generated
-37.69554,-0.19669116,Generated
-19.164427,24.714035,Generated
-8.000127,6.3507533,Generated
7.650866,18.215628,Generated
1.1659502,15.401461,Generated
24.986082,-29.622257,Generated
-9.590212,-14.686994,Generated
5.3342094,-20.394947,Generated
-21.94106,13.400101,Generated
20.22798,-8.213219,Generated
-26.069767,20.25146,Generated
-2.2331667,-1.8008505,Generated
15.731937,-20.510736,Generated
27.963,-21.62131,Generated
13.482731,-4.125972,Generated
6.2712135,20.350178,Generated
-23.247171,17.102053,Generated
-34.11006,2.0672534,Generated
18.43018,-1.2320156,Generated
-22.51384,8.05627,Generated
-9.942709,-25.78255,Generated
5.181086,27.75163,Generated
12.848866,28.149609,Generated
10.37496,-30.411545,Generated
-36.281178,-5.827513,Generated
3.5288982,0.35797635,Generated
-33.80792,-1.9480606,Generated
12.701062,29.11606,Generated
9.720392,-30.04321,Generated
35.22204,-21.052788,Generated
-19.220463,-10.249669,Generated
7.039402,10.5330925,Generated
6.11057,-6.9089537,Generated
6.7277355,-29.681461,Generated
17.969063,13.508657,Generated
26.213194,-29.190691,Generated
-19.933739,19.018932,Generated
-12.617864,9.9548645,Generated
2.406628,7.752427,Generated
29.306112,-22.02022,Generated
16.192572,-5.0919724,Generated
-36.52593,-9.784407,Generated
23.04696,-25.76051,Generated
-14.9934635,21.344118,Generated
-2.4971113,-9.170233,Generated
23.591034,-27.282724,Generated
-32.318882,7.7128096,Generated
-12.943427,-17.393816,Generated
-24.096775,14.707089,Generated
-12.419228,1.6661212,Generated
-14.958358,0.440133,Generated
-23.690302,7.17716,Generated
-19.251097,-6.6170325,Generated
11.541704,-2.030504,Generated
1.0608679,-16.811169,Generated
-18.489485,-10.730401,Generated
14.064495,-26.521141,Generated
-5.0266576,9.644845,Generated
-32.49851,-1.6682975,Generated
-22.34708,15.219672,Generated
-3.8684301,13.10134,Generated
6.982542,0.6781517,Generated
-15.207427,3.2407734,Generated
2.062942,-13.59509,Generated
5.267852,28.60863,Generated
-8.033938,-26.023561,Generated
-31.827774,-1.9076718,Generated
9.306115,-29.013895,Generated
-23.94077,5.313197,Generated
15.816705,16.16531,Generated
-20.549768,24.207762,Generated
-9.942772,-21.914795,Generated
-19.211302,24.092085,Generated
20.119913,8.358729,Generated
14.136014,-30.152674,Generated
-17.118816,21.433355,Generated
11.159206,20.595057,Generated
-28.003176,7.017812,Generated
7.973254,20.755684,Generated
8.391595,31.338774,Generated
8.730953,21.91935,Generated
19.976936,6.7301307,Generated
3.404558,-3.0188146,Generated
10.533917,-27.48544,Generated
-16.175028,16.952457,Generated
-17.586882,16.237522,Generated
12.976239,8.303866,Generated
13.290305,22.814129,Generated
6.691155,30.978426,Generated
5.7594113,17.2745,Generated
2.341442,2.2273662,Generated
-15.569966,17.686289,Generated
-36.653244,-5.8456674,Generated
3.6062298,-13.361167,Generated
-12.966621,10.472831,Generated
-9.3254795,-20.762403,Generated
-7.2216425,6.9103956,Generated
-3.2222788,14.761522,Generated
11.828622,29.170788,Generated
15.605576,-27.471428,Generated
14.106115,30.31773,Generated
23.027922,-27.770033,Generated
6.8815646,28.36522,Generated
25.992634,-29.465618,Generated
-11.044625,0.53650016,Generated
-6.727028,7.449221,Generated
-21.388296,16.742422,Generated
-7.3450084,-22.443203,Generated
-37.582584,-1.0953604,Generated
29.631742,-20.70132,Generated
7.5099587,-0.5310499,Generated
-18.285316,21.477354,Generated
-14.946151,-19.06164,Generated
20.224232,-18.649303,Generated
-36.415607,0.23917437,Generated
-17.68062,15.806851,Generated
17.579477,29.433218,Generated
-18.567762,-9.752433,Generated
-19.58458,-9.193037,Generated
1.689653,-14.0432415,Generated
-21.644857,17.338383,Generated
-16.66579,-7.137733,Generated
-33.917477,12.993228,Generated
-27.29006,10.0494375,Generated
-2.974926,5.23364,Generated
-29.87622,9.378435,Generated
-15.266755,17.907885,Generated
3.2262197,28.405785,Generated
2.4157565,29.098763,Generated
-2.064138,-7.9960537,Generated
-3.2600605,7.1214595,Generated
-2.8285775,15.549211,Generated
-29.989157,14.338925,Generated
-0.49787885,14.72836,Generated
-15.43678,-5.1193557,Generated
-13.461124,-0.32833272,Generated
6.0186734,27.09787,Generated
-35.93914,-10.098523,Generated
2.1915748,6.3864408,Generated
-11.84009,-2.0668678,Generated
-5.7467937,9.539507,Generated
-9.704355,9.033167,Generated
0.8211937,15.849703,Generated
22.254461,-2.56647,Generated
-2.11152,13.996386,Generated
-14.150173,1.4002382,Generated
-26.805653,22.276026,Generated
2.98777,1.0474279,Generated
-28.62382,14.414086,Generated
-13.654283,21.676975,Generated
-29.692234,8.618471,Generated
16.016539,16.965418,Generated
6.6513457,11.592197,Generated
-20.420593,11.532491,Generated
2.904965,-16.98856,Generated
-7.0346217,9.171797,Generated
-23.244244,6.8055286,Generated
-21.628878,22.744112,Generated
7.436647,-16.964754,Generated
-13.622553,-18.102457,Generated
12.104197,27.522505,Generated
-3.2858632,13.937879,Generated
-37.99773,-1.6750145,Generated
1.1783625,2.5550687,Generated
-26.881021,5.259928,Generated
-27.13553,8.7781515,Generated
-36.05583,-6.081975,Generated
23.023817,-28.050888,Generated
-15.383176,14.570483,Generated
22.7518,-24.248142,Generated
0.20372759,13.504373,Generated
19.15565,6.6941032,Generated
-4.3756747,-6.1082954,Generated
-11.741351,1.2116317,Generated
-13.940499,-18.496147,Generated
-21.376966,9.650848,Generated
-19.55758,-5.8554454,Generated
16.91562,26.50468,Generated
13.698083,27.93559,Generated
1.6057783,-14.858181,Generated
14.155225,-29.505016,Generated
10.993848,25.758495,Generated
-10.804908,11.172463,Generated
3.3920343,-30.50986,Generated
-33.119446,9.507666,Generated
16.815754,28.305872,Generated
16.553646,15.055833,Generated
-24.630846,5.671485,Generated
-9.959678,8.13403,Generated
7.080568,20.675087,Generated
11.535926,28.51142,Generated
19.619053,7.032662,Generated
-16.670612,-10.669458,Generated
2.5401409,4.3329735,Generated
16.78887,29.256296,Generated
3.2150984,1.1615498,Generated
-16.55666,-8.590417,Generated
-13.302386,-20.0986,Generated
-9.096824,9.638724,Generated
-24.514698,18.264408,Generated
-9.572946,-19.103758,Generated
-21.320414,16.08126,Generated
18.735043,-0.56169426,Generated
13.748478,-4.517014,Generated
10.740804,-27.951986,Generated
-10.1986265,-24.041689,Generated
-15.707123,0.5532255,Generated
28.193104,-21.191616,Generated
-15.816598,-7.931839,Generated
-3.286533,6.3503127,Generated
10.864542,-29.20405,Generated
-21.085785,12.099875,Generated
-8.858916,-24.825443,Generated
1.3018434,-14.63404,Generated
5.6305385,3.758714,Generated
17.070513,9.921936,Generated
3.241917,-26.813215,Generated
6.8941894,-20.042385,Generated
-5.084799,-26.699783,Generated
17.186707,-6.9979405,Generated
-15.91049,-10.697553,Generated
33.298668,-20.297709,Generated
-11.603346,-1.2838807,Generated
0.14743598,-2.1329663,Generated
10.855402,-7.7796955,Generated
-8.885931,8.128039,Generated
-1.7781613,16.045055,Generated
-15.823209,-6.616035,Generated
-12.534067,-2.19897,Generated
-17.150253,-7.734091,Generated
-14.691467,-19.022524,Generated
-15.567052,-9.27787,Generated
-16.239521,-10.123715,Generated
12.128303,28.06241,Generated
-12.433723,1.9424527,Generated
12.512289,-29.11563,Generated
-11.06208,7.9140434,Generated
-14.72063,-5.7521286,Generated
-13.662215,2.1348708,Generated
-7.109884,-14.393507,Generated
-5.653253,-26.433214,Generated
-11.358371,3.4514263,Generated
-5.205113,-15.690492,Generated
-3.974996,11.524929,Generated
-13.412269,1.5914235,Generated
6.571517,29.446047,Generated
26.235952,-22.762886,Generated
30.327368,-21.182117,Generated
2.3524592,-3.0762627,Generated
21.246025,-2.0164886,Generated
-27.048418,7.230594,Generated
17.921354,-5.413502,Generated
-23.467062,19.081093,Generated
0.093224466,-8.172729,Generated
21.122871,-4.9424267,Generated
12.832377,25.340828,Generated
5.5683703,29.24144,Generated
-7.426631,7.3009067,Generated
-16.687183,20.741747,Generated
-33.401318,1.2965181,Generated
-4.3857656,10.409602,Generated
12.943502,-28.361288,Generated
11.809147,-29.411625,Generated
6.2114778,27.978199,Generated
-36.80906,-8.144881,Generated
-35.734703,-10.388464,Generated
9.330868,-31.133827,Generated
0.4277491,13.475356,Generated
3.8792326,26.749369,Generated
7.038368,-28.731106,Generated
-5.9304037,12.551066,Generated
13.654102,-20.417719,Generated
4.300952,28.036367,Generated
31.05962,-21.780167,Generated
-1.427418,-6.739783,Generated
-22.987684,18.491928,Generated
7.4115953,12.470399,Generated
-10.950321,7.135895,Generated
-16.110014,-5.8711624,Generated
-10.443188,-24.899677,Generated
31.974825,-20.422287,Generated
14.11179,26.34296,Generated
-26.723455,5.667813,Generated
20.932173,-3.985533,Generated
-1.3974576,-24.336895,Generated
8.769336,20.854841,Generated
-6.609185,8.661714,Generated
-28.249985,16.054138,Generated
20.304062,7.5521927,Generated
1.1528926,-15.382348,Generated
-7.42765,-22.89139,Generated
24.15722,-29.739767,Generated
-14.097714,-0.59249514,Generated
6.109801,-17.325525,Generated
-9.320978,-15.4181795,Generated
25.557678,-24.91583,Generated
-17.205103,-12.8268385,Generated
7.832412,20.414564,Generated
-13.590881,-9.7516575,Generated
5.566183,18.156242,Generated
6.887675,21.099678,Generated
22.111242,-25.26782,Generated
7.356853,2.8596895,Generated
11.981711,19.99132,Generated
-18.23657,-7.382701,Generated
-2.8683922,12.705696,Generated
-23.10321,14.756934,Generated
-4.5537095,13.354555,Generated
-15.080294,-16.59551,Generated
-17.124998,-8.494473,Generated
-4.2239375,15.123591,Generated
-13.226351,0.3312635,Generated
-17.965826,-9.402052,Generated
4.3477592,-28.850063,Generated
-17.65238,-8.249592,Generated
16.859074,27.575266,Generated
-21.122316,8.698768,Generated
17.274343,-27.454388,Generated
6.8481746,10.90369,Generated
-36.088734,1.8718841,Generated
8.541505,-7.3824315,Generated
4.020305,28.063269,Generated
20.430017,-4.563706,Generated
-9.015541,-18.010263,Generated
-10.2916,-16.787704,Generated
-14.214933,0.21398334,Generated
-36.773148,-0.39887527,Generated
13.145748,-21.202662,Generated
30.941944,-16.842691,Generated
13.907685,-20.496613,Generated
-1.0535889,-8.055216,Generated
18.175188,-3.445557,Generated
14.96268,-27.493168,Generated
-11.775683,-21.94744,Generated
-31.696981,-1.9871163,Generated
6.103316,-9.287625,Generated
-15.1445465,-6.383976,Generated
8.671477,-17.534973,Generated
-34.825115,-2.5610878,Generated
20.851072,-26.03727,Generated
-21.89031,8.674435,Generated
5.8805084,2.4646933,Generated
24.40925,-4.616966,Generated
8.149624,-19.864288,Generated
17.736923,14.429753,Generated
-14.581979,1.4818144,Generated
22.467758,-28.98681,Generated
11.944936,5.4865847,Generated
-2.849141,12.004461,Generated
7.556179,-28.781809,Generated
7.494678,19.667686,Generated
13.648453,-13.558995,Generated
0.04480376,15.500757,Generated
-13.607966,-17.520548,Generated
-0.72450113,-4.2277946,Generated
-18.73261,-11.1092825,Generated
-8.97871,-14.40691,Generated
-4.5093985,12.542931,Generated
-27.424276,15.982669,Generated
-11.175112,-0.182419,Generated
-20.499193,17.635187,Generated
-36.500877,-10.876332,Generated
25.431015,-29.247145,Generated
-15.579829,1.7026197,Generated
1.3132832,2.4400697,Generated
-24.377655,7.305234,Generated
-21.539473,9.003756,Generated
-22.355331,9.369832,Generated
-37.207333,-10.558491,Generated
27.093243,-20.703442,Generated
11.729594,22.25455,Generated
-18.64526,-8.283266,Generated
-14.041102,2.5705392,Generated
9.537,4.5155,Generated
-31.847004,-2.4164028,Generated
14.751775,1.8580283,Generated
14.132663,-19.819902,Generated
-7.1855593,5.9992228,Generated
-37.001823,-9.654951,Generated
-8.965893,6.468866,Generated
2.8470483,-0.53058714,Generated
-16.184261,-12.500476,Generated
-38.052513,-4.4636045,Generated
11.879335,-0.3396534,Generated
-15.345718,-6.0073514,Generated
7.294454,4.921127,Generated
14.805883,2.9749594,Generated
-1.4965299,13.232355,Generated
0.10393184,-3.766409,Generated
2.6462767,6.579765,Generated
0.9920496,2.8106587,Generated
-19.69605,-9.032607,Generated
-4.4834743,-26.512714,Generated
-5.5238357,13.873899,Generated
-15.2372055,-7.359579,Generated
-18.744884,-7.4231663,Generated
-3.8425915,11.016204,Generated
-14.86481,-17.018726,Generated
6.6904774,1.9521747,Generated
-21.208704,21.807325,Generated
-9.842795,6.501069,Generated
-17.029213,15.523775,Generated
3.6494558,-8.974725,Generated
-12.34368,4.1826053,Generated
9.691563,19.743307,Generated
7.61643,31.163622,Generated
5.8152895,7.290553,Generated
1.9866967,14.669451,Generated
-34.138737,0.8882971,Generated
19.594501,-25.551582,Generated
-16.339365,15.781796,Generated
-10.349744,5.6405106,Generated
14.633235,27.655504,Generated
-9.097159,-26.21527,Generated
6.8103857,18.56389,Generated
-13.032861,-3.0605936,Generated
20.535738,-26.323166,Generated
-12.849091,2.9540017,Generated
8.006299,-28.023708,Generated
29.76793,-21.351648,Generated
8.601677,-31.410027,Generated
17.131577,10.29486,Generated
18.721935,-19.496653,Generated
-22.697206,15.407781,Generated
-1.7589638,16.07152,Generated
-23.224947,14.512379,Generated
-24.35898,5.541377,Generated
13.822817,28.758068,Generated
-36.919003,-4.419251,Generated
9.314999,-28.593153,Generated
27.597918,-24.853386,Generated
13.332597,-12.245801,Generated
-0.82912076,13.160393,Generated
