PC1,PC2,Type
-11.644058,-2.7015495,Real
19.93097,5.5254784,Real
-26.899918,0.9486923,Real
-16.771759,-13.4907875,Real
-5.240402,1.9766998,Real
-24.161911,-38.719353,Real
-22.614304,33.967064,Real
-37.13028,27.127663,Real
-0.62667847,8.830219,Real
-23.998764,-5.8290253,Real
17.59253,14.262939,Real
-25.706055,14.668968,Real
-4.4774933,-5.2848434,Real
2.7583313,-14.726231,Real
-19.225967,2.1739159,Real
-19.370407,-14.208004,Real
18.972992,0.2149353,Real
-12.949432,-0.3038826,Real
10.188477,-13.712166,Real
-8.254944,21.885841,Real
1.9084473,11.743107,Real
10.432739,24.0448,Real
23.800354,2.032814,Real
16.586823,13.004631,Real
12.443451,-16.566986,Real
-24.316513,-39.68502,Real
-20.416992,4.603058,Real
-0.3979187,3.732067,Real
-1.2867737,-1.7163048,Real
22.373047,-8.403191,Real
-16.7043,-25.98516,Real
23.298737,3.1093025,Real
-1.770401,-17.572128,Real
0.49682617,1.6573563,Real
-5.660095,15.928413,Real
-14.972397,-7.8223763,Real
-10.175125,3.7148857,Real
21.636017,11.739838,Real
-24.488846,-0.104595184,Real
16.931915,20.63385,Real
-0.84046936,7.9514694,Real
-11.18631,24.33799,Real
21.954315,-0.40597916,Real
23.902985,-2.7654724,Real
18.4971,5.477791,Real
7.1893005,38.658363,Real
-8.988907,6.807621,Real
-11.91452,12.178566,Real
24.29358,-6.9859734,Real
-37.753723,50.40435,Real
-5.379654,2.7101974,Real
-18.797424,-9.528297,Real
1.2662048,-2.0094528,Real
8.96283,-10.132801,Real
-15.872406,-5.6798134,Real
12.12439,14.044113,Real
-2.8102417,-6.72966,Real
-33.885986,3.9017792,Real
-7.1044464,4.318218,Real
8.088928,-32.51213,Real
23.09961,1.2548866,Real
-6.623047,4.171734,Real
-21.543594,-10.685642,Real
-15.846542,-15.243923,Real
25.449585,-13.340443,Real
-10.499023,18.991615,Real
-0.3401184,-11.697666,Real
10.100403,-12.805244,Real
22.48822,4.9870872,Real
23.404816,4.527302,Real
15.435425,15.02153,Real
-4.9019775,4.5931625,Real
-37.977142,-0.9844246,Real
-2.7073822,-11.478619,Real
-11.979935,-10.6226845,Real
11.510132,12.625969,Real
-16.266464,9.171288,Real
7.999939,5.718807,Real
-6.426544,-2.8249397,Real
-21.991714,-9.9867935,Real
-43.59233,8.198013,Real
-6.97139,-1.4131432,Real
-3.1856232,4.614704,Real
23.872894,1.3108025,Real
27.369263,-8.454311,Real
-4.4068146,16.097229,Real
-11.259293,-0.29535675,Real
1.7434387,-24.52256,Real
2.7279358,12.863998,Real
-3.1360016,25.58078,Real
-33.876495,-16.309547,Real
5.2965393,-28.262413,Real
0.25186157,5.5127907,Real
13.094849,-4.4488106,Real
-9.9104,22.965965,Real
-31.699432,-17.587193,Real
-58.523544,56.114326,Real
29.375854,-13.596996,Real
-5.779907,11.259121,Real
-2.3693085,4.27256,Real
-31.418777,-16.467072,Real
-29.52977,10.887856,Real
-38.887985,4.0023193,Real
-19.563354,0.5425911,Real
2.3139038,-9.79488,Real
13.787811,9.07988,Real
-43.46794,15.27504,Real
2.9374695,11.723324,Real
-7.7516327,-31.636032,Real
-37.57019,-4.0758743,Real
5.4024353,22.396973,Real
-6.2202606,-5.894001,Real
-39.772766,-0.61387634,Real
26.627075,-8.808819,Real
-2.298996,-13.037098,Real
-20.796448,-2.2063484,Real
-2.3812256,-4.0971107,Real
23.845459,-1.0545769,Real
-12.977722,-2.1880417,Real
9.361359,-13.164795,Real
-1.6708984,7.762764,Real
-1.062912,-6.396881,Real
27.047913,-8.6786,Real
-26.43431,-10.911304,Real
21.926239,7.3411827,Real
14.698242,-12.542103,Real
-17.890808,-2.186077,Real
-3.3251038,2.4318085,Real
-12.659271,2.8177147,Real
23.139832,-3.0794754,Real
-0.13516235,-3.4574928,Real
20.300781,7.2343826,Real
1.2338257,-32.18051,Real
20.383087,-2.3133202,Real
-19.781036,-13.319496,Real
-20.97725,-8.917473,Real
-30.24089,18.223999,Real
5.101349,-1.7981529,Real
11.367279,-24.418161,Real
5.326172,8.106998,Real
-10.466904,12.62648,Real
-33.803116,-13.886089,Real
14.889984,10.475204,Real
15.060394,19.869377,Real
-15.858917,-12.392139,Real
13.573639,19.539993,Real
4.121063,6.800907,Real
-28.4543,15.095734,Real
-10.888397,9.694099,Real
-9.589096,1.8874054,Real
-26.36856,-20.218248,Real
-17.177383,5.851593,Real
1.0980225,9.602039,Real
-2.5997162,17.304558,Real
8.893341,24.76448,Real
2.3307495,14.467934,Real
-1.8938904,5.964283,Real
-24.797379,-1.0806351,Real
-19.550735,8.313812,Real
31.86319,-23.670368,Real
-7.313629,-4.48085,Real
23.715424,4.497162,Real
-16.1492,-20.942654,Real
19.812897,2.8618584,Real
19.030243,11.246429,Real
14.200195,31.148392,Real
-33.65651,-13.316566,Real
-9.03038,18.620125,Real
-37.502563,-2.7322502,Real
18.429626,18.857895,Real
-39.602264,3.2481155,Real
23.494843,1.2118988,Real
22.956268,0.76956177,Real
-18.966705,-1.705719,Real
7.2449646,-23.604572,Real
-11.378113,-15.502911,Real
-26.508972,7.202259,Real
-17.871735,-0.79912186,Real
-21.595459,3.326027,Real
5.968628,-14.400711,Real
-26.232391,-3.456028,Real
-14.609558,-15.83247,Real
-24.742905,4.5328217,Real
-10.302231,35.606422,Real
25.312225,-6.2903748,Real
20.696808,-9.214603,Real
-3.8119202,-1.1996307,Real
-20.33136,-1.4928246,Real
24.712128,-2.1980171,Real
7.834839,-5.379608,Real
-17.717697,-7.654644,Real
1.3225098,-11.005772,Real
24.825165,-13.987736,Real
-21.220428,7.7247467,Real
19.528595,13.036728,Real
18.594849,18.925903,Real
2.705719,-1.2491722,Real
1.6383972,6.1840553,Real
19.98117,12.996651,Real
22.6073,4.2808723,Real
19.213684,13.590233,Real
2.381012,-10.921303,Real
20.41858,-0.17834473,Real
-0.9645233,20.278137,Real
-10.533966,-34.2602,Real
-10.913956,7.464798,Real
20.911652,-0.092350006,Real
20.881104,7.543186,Real
20.207275,7.749378,Real
0.10800171,3.7079124,Real
-6.341522,17.048859,Real
19.252838,11.183575,Real
24.121979,0.77313995,Real
6.3557434,0.63804626,Real
-0.20832825,6.419861,Real
5.971985,3.9562302,Real
2.792633,23.540497,Real
23.771301,-2.7669334,Real
-14.148468,15.960754,Real
-2.909668,14.86895,Real
-23.128693,-3.0240479,Real
-8.489365,-8.360115,Real
-2.4284973,-6.2404594,Real
-9.541,-3.147541,Real
21.495392,7.2072296,Real
-13.734268,-4.975746,Real
24.826233,-9.401318,Real
-0.6629181,15.366005,Real
17.819794,9.713512,Real
4.9806213,-13.498489,Real
-7.3955383,0.36318588,Real
14.071259,4.9358673,Real
-14.625458,-7.452942,Real
31.473724,-19.80157,Real
-37.09027,-2.4607468,Real
3.579834,11.439362,Real
-35.08554,-6.1967773,Real
17.72229,11.86404,Real
-10.728821,8.072739,Real
6.291748,-9.1153145,Real
17.486115,0.12182236,Real
2.015564,-19.756493,Real
-11.505814,2.1725655,Real
23.901184,-13.107498,Real
-4.5976715,34.945732,Real
14.688141,32.4495,Real
-3.0960999,-4.70467,Real
-34.60959,-10.629356,Real
15.2717285,30.72728,Real
18.517456,6.2257004,Real
-25.525665,-35.10673,Real
26.466827,-2.4823227,Real
-30.194702,24.56527,Real
-8.159729,5.538601,Real
-7.9135895,-4.9741936,Real
21.809326,7.6664963,Real
-4.827759,6.914238,Real
4.2722473,34.14981,Real
-13.092682,8.727367,Real
26.229034,-8.3971405,Real
6.695709,6.244087,Real
3.1503906,40.2631,Real
-0.56791687,5.4180183,Real
22.062958,-13.510658,Real
25.189514,-16.585014,Real
20.755615,7.4236145,Real
23.745422,0.6105919,Real
8.484985,-15.295311,Real
-17.297089,-1.248951,Real
-10.21582,7.5643997,Real
-4.5879364,12.519394,Real
-31.6828,-18.592648,Real
12.8281555,-27.089764,Real
19.155334,-6.202259,Real
-42.49994,8.043556,Real
24.427979,-3.6017685,Real
-5.0819855,-0.5530815,Real
-23.337128,-10.622467,Real
3.8615112,3.7430267,Real
10.124207,-27.46661,Real
-3.3166962,-4.9328766,Real
-0.5999756,11.916534,Real
-8.131485,22.97638,Real
-17.982986,-35.017685,Real
-12.181747,-10.322411,Real
-4.741638,-25.982653,Real
-8.938492,9.133728,Real
26.137238,-6.9978714,Real
-44.6279,31.672234,Real
17.531342,-2.8695831,Real
1.9723206,1.1557884,Real
-5.7114105,4.082943,Real
19.598114,6.178856,Real
4.213867,2.9726906,Real
23.147034,-3.5387726,Real
24.280548,1.6062698,Real
24.699799,-2.806919,Real
3.5827637,-25.672215,Real
24.499878,-16.032833,Real
25.907898,-7.1374626,Real
-9.29953,22.757217,Real
0.26763916,-1.3389015,Real
-31.114761,-20.862446,Real
21.463928,4.370537,Real
2.35495,-13.432888,Real
18.15451,-1.0263748,Real
-3.4521027,-13.4235115,Real
-1.2759247,-25.527084,Real
19.098236,3.1715927,Real
-0.042556763,-8.7207985,Real
17.171875,9.267097,Real
24.373932,2.4309692,Real
13.150696,17.659836,Real
-36.884277,3.1286964,Real
-33.401337,19.88147,Real
0.7016907,4.350212,Real
-7.2890015,15.306175,Real
-13.607391,-10.041855,Real
-15.183243,10.357922,Real
22.241089,-1.096653,Real
-0.40226746,-2.1493645,Real
-13.738739,9.828175,Real
-12.748886,22.982971,Real
14.448425,12.624329,Real
19.994934,3.9811249,Real
9.788727,19.25264,Real
11.2361145,-17.570267,Real
20.97113,8.189999,Real
-31.196976,-19.560593,Real
-22.635406,-12.862778,Real
19.395844,15.9906845,Real
21.49939,-13.519829,Real
-10.6698,-33.979607,Real
-32.128204,-18.131855,Real
17.630219,10.813286,Real
17.472961,22.703789,Real
-22.41571,-25.807343,Real
-2.3679352,2.356266,Real
-20.798035,-12.866711,Real
18.345337,8.996819,Real
-41.090286,14.433708,Real
-22.428116,-6.8280754,Real
21.61087,4.507725,Real
-5.2148285,16.551369,Real
18.494781,1.3993416,Real
19.135406,-4.196327,Real
5.2058716,-34.35232,Real
-45.98253,22.14927,Real
-31.659317,24.31752,Real
13.252838,6.2514114,Real
-7.270218,15.632217,Real
-7.710312,-12.73317,Real
11.029907,19.38533,Real
20.294342,4.281048,Real
8.187164,8.732155,Real
-15.581741,10.467361,Real
9.979034,-1.787941,Real
7.067169,-27.30181,Real
-38.77304,-3.7098732,Real
20.795319,-0.97595215,Real
-15.436691,-7.093254,Real
-3.657608,-11.196098,Real
-38.11032,3.8082542,Real
-3.5052185,-9.338821,Real
12.835724,19.268684,Real
7.749359,-27.023567,Real
19.073822,13.182793,Real
17.745392,15.426025,Real
-36.563232,-6.1241837,Real
-10.311432,5.865814,Real
1.7695007,21.318436,Real
21.635254,-9.836163,Real
21.746857,8.882412,Real
-19.157715,-5.998741,Real
-2.4431763,0.8626785,Real
28.147003,-18.468128,Real
25.13324,-5.6899757,Real
-2.9540558,4.1039314,Real
19.815826,-2.295105,Real
23.70523,-4.3904,Real
-14.094543,-29.562815,Real
0.25125122,-10.09156,Real
-31.184265,20.129204,Real
-11.325333,0.60430527,Real
-25.46669,-3.3434944,Real
-4.8032684,12.336395,Real
8.380554,-8.43821,Real
-3.5736542,2.7751846,Real
11.642273,22.553482,Real
2.4397583,17.017517,Real
-5.268402,-12.386745,Real
5.3698425,-7.2465286,Real
23.721954,2.7135048,Real
-15.118881,-15.992687,Real
-18.894058,-17.007908,Real
-17.365479,28.404633,Real
-17.235397,-22.644287,Real
0.7295532,-2.7759514,Real
-7.41568,11.191883,Real
-31.43135,-19.837917,Real
14.76059,-24.16542,Real
11.16452,-7.407551,Real
-4.964798,1.1688957,Real
22.195831,-1.9161491,Real
-8.536758,5.1405563,Real
-11.237457,-27.937548,Real
-26.251251,-0.63653946,Real
-12.029053,0.066101074,Real
-2.906311,7.9106636,Real
-17.296387,18.054527,Real
-13.711807,-7.731201,Real
-21.188324,13.110657,Real
25.55066,-3.732006,Real
-37.790634,-8.106468,Real
1.74469,4.8742943,Real
18.372559,9.088478,Real
-28.98877,-24.716518,Real
18.085815,17.141754,Real
-15.881882,-0.40730286,Real
-5.0900116,3.6837425,Real
0.9624634,-15.258484,Real
2.5166626,-1.9243164,Real
26.866425,-12.473518,Real
4.4981384,-3.8559494,Real
20.419647,8.324806,Real
5.4880066,0.014446259,Real
-1.9617767,-4.296978,Real
-20.480026,0.062217712,Real
29.176514,-26.604382,Real
-40.541245,1.7350998,Real
20.6651,-1.2284966,Real
-7.6908875,0.8909073,Real
-16.925003,-5.29443,Real
-12.948486,1.1050377,Real
-14.692703,0.91614914,Real
-12.831772,-24.336634,Real
-29.59233,8.6058655,Real
14.388428,25.572052,Real
0.17642212,-10.444336,Real
21.612366,-0.33856964,Real
-2.7632904,9.860771,Real
21.409454,-3.7747688,Real
-1.9303589,13.084198,Real
-20.353485,-13.383869,Real
7.911621,8.192951,Real
-8.398544,-34.45289,Real
22.075714,5.366272,Real
1.209137,3.7468262,Real
21.89264,-9.148388,Real
14.670685,-2.3418922,Real
-4.8942413,4.1416283,Real
22.820526,-3.7346535,Real
-5.8604126,8.538361,Real
10.9062195,11.588169,Real
-3.8080292,2.5594292,Real
1.2803345,1.5506287,Real
-5.085083,-4.943573,Real
-9.119675,1.8314362,Real
2.5115967,-18.008804,Real
2.7975464,-27.975012,Real
-1.7571411,2.6073341,Real
21.541473,-5.0667915,Real
24.726532,-3.5017242,Real
20.444855,8.853565,Real
8.041779,-30.389114,Real
-7.1178894,5.111496,Real
8.180786,6.7823906,Real
-4.4669952,-0.8480339,Real
-4.988083,0.88420486,Real
-7.3819885,2.5408401,Real
22.522186,7.054493,Real
-21.216156,15.752556,Real
0.3287964,16.471786,Real
-25.03975,-0.23244476,Real
19.580627,12.556122,Real
29.98642,-17.95269,Real
-21.767471,-3.5543442,Real
-12.235153,6.325901,Real
-0.859375,-5.2341423,Real
8.95108,31.190536,Real
5.860626,-38.899204,Real
15.91449,15.899628,Real
-2.559082,-6.6761017,Real
-35.98239,-4.2245865,Real
7.259186,-6.181732,Real
-18.014664,-27.40307,Real
-33.370758,23.939987,Real
-29.350754,-21.438156,Real
-6.694458,24.791542,Real
-35.13263,-9.107418,Real
-17.493927,-4.0685577,Real
3.658661,5.424801,Real
-18.642578,-4.949066,Real
5.022461,-4.248638,Real
9.640991,39.38822,Real
-11.19252,-29.785475,Real
-28.69336,-27.866316,Real
-48.917282,8.833008,Real
-8.845352,5.4664536,Real
-6.225296,5.2659187,Real
13.938202,1.0743637,Generated
7.0065002,-0.31727982,Generated
-34.120895,12.9099045,Generated
19.811249,-2.8716316,Generated
3.526245,7.9111633,Generated
-20.811066,-31.10373,Generated
-21.642578,19.819633,Generated
-40.18103,28.605583,Generated
-6.754013,-10.846653,Generated
-28.702515,-4.166771,Generated
15.881287,7.35305,Generated
13.837891,22.468292,Generated
6.4187317,0.10182953,Generated
-5.3403473,-18.359661,Generated
15.697479,10.603207,Generated
3.7939758,-11.656635,Generated
8.411438,-0.13754654,Generated
14.123749,3.3163948,Generated
25.192505,-6.9884987,Generated
3.2994385,24.466347,Generated
15.013672,24.86103,Generated
5.787201,23.107925,Generated
15.16864,9.85099,Generated
1.4429932,9.631565,Generated
20.520996,-18.377857,Generated
-27.597946,-28.229197,Generated
11.350525,11.670967,Generated
10.948212,5.5869255,Generated
8.66803,2.595253,Generated
10.372864,-12.550514,Generated
-27.880127,-29.464182,Generated
18.470398,3.5755386,Generated
6.210266,-20.556318,Generated
3.4239197,-1.4871597,Generated
-4.3285522,13.485962,Generated
17.530273,0.3613472,Generated
9.977325,2.2890549,Generated
18.065948,-2.6213608,Generated
11.004059,4.9059067,Generated
10.478058,18.534805,Generated
1.3267212,-4.7922363,Generated
7.5677795,28.621094,Generated
9.011993,-5.4082413,Generated
10.0095825,-7.154274,Generated
10.693024,1.7853622,Generated
6.4324646,36.763947,Generated
0.64141846,7.663212,Generated
4.684845,12.5894165,Generated
13.979828,-12.497051,Generated
-38.822693,50.62719,Generated
-6.058731,-6.0871353,Generated
17.95221,-6.8620834,Generated
13.776123,-0.1298294,Generated
17.2883,0.42306137,Generated
17.867523,2.4969826,Generated
3.2893982,12.063477,Generated
-6.263809,-13.732914,Generated
-32.948685,5.5433655,Generated
-12.996918,-3.000351,Generated
11.710327,-19.804092,Generated
8.535614,-4.410309,Generated
-10.426956,-4.388504,Generated
-24.233826,-12.548584,Generated
22.678955,-9.064541,Generated
12.765472,4.335903,Generated
6.8400574,22.114067,Generated
-7.833847,-18.187103,Generated
25.478882,-7.6520195,Generated
14.238525,13.039513,Generated
6.7165833,-1.4534645,Generated
0.91378784,11.890633,Generated
5.1109924,10.128319,Generated
-49.833496,-3.3198738,Generated
7.711273,-20.813877,Generated
-14.079239,-19.166279,Generated
16.559296,2.7764893,Generated
-15.4674835,3.8486023,Generated
19.174133,5.4113045,Generated
6.0496216,-0.18362808,Generated
-27.289764,-8.379627,Generated
-35.791183,15.690796,Generated
-6.7893677,-4.354599,Generated
6.158386,12.133125,Generated
15.293701,5.1117744,Generated
22.693054,-9.362663,Generated
-12.082581,-1.1123352,Generated
13.956665,2.1375275,Generated
10.965485,-28.480022,Generated
9.829376,21.089508,Generated
7.808075,30.367607,Generated
-31.106094,-16.599884,Generated
22.339447,-19.197052,Generated
1.0513,1.2729797,Generated
23.280853,-15.079002,Generated
7.741577,28.82309,Generated
-33.02823,-20.878216,Generated
-64.031494,56.69249,Generated
16.13797,-9.895496,Generated
2.3173828,12.964813,Generated
-4.4511414,-1.899662,Generated
-27.55214,-28.534252,Generated
-5.4783783,11.177052,Generated
-54.07048,1.9757004,Generated
16.302216,11.3718605,Generated
13.702698,1.3314323,Generated
4.5896606,9.251568,Generated
-45.428406,13.93396,Generated
-9.068695,2.068657,Generated
27.11618,-24.452925,Generated
-40.838333,-0.7435951,Generated
13.323425,13.026749,Generated
2.5940857,-9.428268,Generated
-44.12796,-1.5680542,Generated
20.844849,-7.858574,Generated
11.720428,-14.484673,Generated
17.368317,3.1493454,Generated
9.220062,-1.3736839,Generated
10.806946,-4.241047,Generated
14.491211,0.49351883,Generated
15.074799,-7.581314,Generated
-4.5959625,-0.999588,Generated
-6.136444,-16.354916,Generated
14.698151,-11.194904,Generated
-29.681152,-9.067272,Generated
6.732147,1.4172592,Generated
20.895111,-16.0121,Generated
16.818665,6.210247,Generated
6.512726,6.243225,Generated
-4.234558,3.8848305,Generated
13.1796875,0.77864456,Generated
-5.299179,-9.928978,Generated
11.393005,19.566544,Generated
3.9779968,-35.654026,Generated
22.468262,-17.180542,Generated
-29.730667,-24.99359,Generated
14.13736,-5.1616516,Generated
-2.6755066,13.236809,Generated
15.56134,10.60717,Generated
8.340179,-26.998177,Generated
14.077728,12.937431,Generated
-7.698593,13.070068,Generated
-38.866577,-14.679031,Generated
12.664368,12.919083,Generated
0.059265137,16.139847,Generated
20.679077,-2.0593185,Generated
4.742279,15.2745285,Generated
15.303772,24.322678,Generated
5.8717346,17.332214,Generated
-7.8191223,8.443016,Generated
0.33322144,-0.5758133,Generated
-26.747528,-15.340828,Generated
11.621368,10.8461075,Generated
12.606995,7.5584984,Generated
-1.494339,6.475178,Generated
-0.6498718,23.079315,Generated
14.897125,21.36242,Generated
4.6665955,15.523994,Generated
4.0665894,2.565731,Generated
10.18631,12.816002,Generated
23.335907,-18.73119,Generated
-4.8197174,-5.8539314,Generated
13.934692,3.2578125,Generated
8.253265,-18.613674,Generated
6.9083557,-1.8086853,Generated
9.2630005,5.2556496,Generated
8.880554,27.5364,Generated
-32.63301,-13.419556,Generated
9.63623,32.641884,Generated
-43.31372,-4.0743904,Generated
9.780792,21.436432,Generated
-53.40442,0.8988533,Generated
7.416992,-2.7691956,Generated
5.6342163,-1.0973549,Generated
16.108063,7.523018,Generated
1.3583679,-22.763832,Generated
21.40039,-7.902855,Generated
-42.031036,11.543102,Generated
-7.8808746,1.5961685,Generated
15.204773,14.899033,Generated
16.2836,-14.922375,Generated
-29.75444,-0.8460312,Generated
21.697723,-5.7253647,Generated
12.428711,4.872917,Generated
-5.8615723,44.511642,Generated
14.093567,-9.43922,Generated
12.351654,-7.4225883,Generated
-5.970871,-11.002537,Generated
15.530457,8.144253,Generated
10.427246,-7.793213,Generated
22.449066,1.1965294,Generated
18.901825,1.1419449,Generated
-1.8702545,-4.488285,Generated
17.355438,-2.6135902,Generated
9.981659,14.802925,Generated
12.564423,16.596748,Generated
13.384796,13.024101,Generated
3.458496,-10.47131,Generated
2.3858337,-1.5456619,Generated
9.690094,7.1517487,Generated
20.282837,-2.8883514,Generated
6.340851,7.3478775,Generated
10.675537,-7.6846848,Generated
10.092377,-5.193756,Generated
10.002594,18.040848,Generated
21.266327,-22.893438,Generated
4.9751587,7.0691147,Generated
7.078308,-4.988388,Generated
5.485199,2.2847939,Generated
9.548889,1.1315308,Generated
5.4662476,10.970341,Generated
-10.651398,9.622025,Generated
6.7397156,6.039959,Generated
10.890411,-2.7487984,Generated
20.487946,8.02953,Generated
2.7143555,1.5206909,Generated
17.608704,-0.58187866,Generated
10.698212,16.993164,Generated
16.22293,-4.9444847,Generated
-4.160492,14.654335,Generated
4.8913574,13.0772705,Generated
12.663422,0.048477173,Generated
-9.785965,-14.685604,Generated
4.2671814,1.729599,Generated
13.528137,-0.5848274,Generated
15.7435,8.317226,Generated
-15.2287445,-6.7928696,Generated
11.770599,-16.726421,Generated
6.5637207,25.684067,Generated
7.8637085,5.2179985,Generated
21.413605,-8.026379,Generated
3.21875,2.8729935,Generated
21.77182,-5.2588997,Generated
18.515167,0.099487305,Generated
21.47876,-19.559204,Generated
-43.235443,-4.257328,Generated
10.092285,6.8714104,Generated
-39.71599,0.29559708,Generated
4.8104553,5.7601547,Generated
-5.240082,8.56921,Generated
4.7970276,-8.14817,Generated
8.486023,-1.9498825,Generated
13.326538,-18.93668,Generated
12.658112,4.8512344,Generated
15.907166,-8.359272,Generated
0.41036987,31.175812,Generated
4.138794,28.225655,Generated
-6.5279694,-12.9798355,Generated
-36.87039,-14.006172,Generated
4.9510193,20.812294,Generated
10.491516,5.14822,Generated
-34.63652,-46.422634,Generated
22.826782,-5.7738457,Generated
3.0645142,47.563164,Generated
-4.0594635,18.494583,Generated
14.4375,-3.5591583,Generated
9.684235,0.03869629,Generated
5.3384705,14.260849,Generated
8.771332,25.514526,Generated
-6.666504,9.180244,Generated
11.979706,-12.195457,Generated
1.4244385,2.3821754,Generated
1.1845398,42.675545,Generated
2.8228455,1.8299637,Generated
9.154358,-8.532017,Generated
14.426239,-22.761189,Generated
8.871155,2.70092,Generated
17.093872,5.321739,Generated
7.457611,-23.046034,Generated
15.453339,6.9542847,Generated
-7.9356995,0.61133957,Generated
-10.43338,-4.6036377,Generated
-27.509674,-17.401836,Generated
10.904541,-30.574406,Generated
11.935822,-4.55991,Generated
-37.403595,11.3777275,Generated
10.958374,-10.199329,Generated
1.8392334,-0.31324387,Generated
-32.14572,-20.171005,Generated
14.200378,3.1462593,Generated
6.142456,-30.826288,Generated
-6.3193207,-12.492115,Generated
4.131317,7.7444077,Generated
-8.046402,23.457222,Generated
-19.408737,-31.604979,Generated
-14.614426,-18.165855,Generated
-4.71727,-33.925385,Generated
-12.418762,2.0957375,Generated
11.596344,-13.070244,Generated
-42.93344,32.294296,Generated
6.8831787,-4.223263,Generated
4.5105896,-2.1447525,Generated
-7.894272,-1.861309,Generated
8.290619,0.5089226,Generated
8.702881,7.8983307,Generated
10.356323,-8.497364,Generated
7.5122375,-6.235588,Generated
11.607758,-8.490902,Generated
16.235443,-16.914795,Generated
12.322266,-12.669544,Generated
11.009369,-11.923332,Generated
6.49765,27.474602,Generated
9.281342,-0.59972,Generated
-31.945099,-17.119461,Generated
10.98941,0.18729782,Generated
8.80661,-8.097435,Generated
10.473724,-1.9826508,Generated
3.715454,-14.8536,Generated
-2.1578522,-31.909882,Generated
9.7378235,-3.4795036,Generated
-0.89860535,-14.222008,Generated
7.723419,2.9530869,Generated
10.193787,-1.8127861,Generated
12.048187,20.820099,Generated
-36.84723,9.157524,Generated
-44.857773,15.375153,Generated
1.4318848,-2.5967865,Generated
-9.706757,7.9230385,Generated
18.910095,-1.0357628,Generated
-10.814926,5.868614,Generated
15.964935,6.218769,Generated
-0.1956482,-7.324585,Generated
-15.199265,5.7866173,Generated
0.45385742,25.024384,Generated
12.578644,18.435547,Generated
7.499115,-1.7130928,Generated
12.399841,9.639324,Generated
19.554443,-9.453342,Generated
6.990326,1.8715286,Generated
-31.852371,-16.801594,Generated
-32.52655,-18.678726,Generated
9.10556,19.121796,Generated
27.453796,-25.452917,Generated
19.502655,-25.569193,Generated
-36.264633,-20.96599,Generated
4.8034973,5.6569023,Generated
9.74115,14.035057,Generated
-25.576477,-22.054768,Generated
7.6428833,4.8076935,Generated
-23.739288,-14.166164,Generated
11.268677,17.894981,Generated
-40.338364,23.722961,Generated
3.5048828,-6.961487,Generated
14.846344,5.742485,Generated
4.534851,18.513222,Generated
10.09668,-0.30115128,Generated
9.43811,-6.980335,Generated
13.013947,-31.979578,Generated
-38.518417,26.522675,Generated
3.7173157,26.163475,Generated
20.056885,-4.073616,Generated
-12.251419,7.080559,Generated
-6.884094,-21.744541,Generated
3.739441,16.44896,Generated
5.7296143,0.9634018,Generated
18.314514,1.8065529,Generated
-8.775528,11.397282,Generated
-5.3482513,-14.123993,Generated
2.934723,-22.45258,Generated
-46.838776,-5.6577034,Generated
10.423035,-5.502075,Generated
-13.375336,-11.370789,Generated
5.9382324,-22.533184,Generated
-39.149902,7.646263,Generated
11.707794,-9.032394,Generated
4.70401,14.3958435,Generated
5.9558716,-14.307091,Generated
5.0912476,11.38393,Generated
6.510193,14.810242,Generated
-37.81688,-1.7928276,Generated
-2.6741486,7.457367,Generated
-0.7935486,16.471703,Generated
12.812256,-7.198887,Generated
6.214905,5.274441,Generated
17.459076,4.840904,Generated
6.9269104,6.1607094,Generated
15.545105,-18.050495,Generated
11.180969,-8.879337,Generated
7.790802,9.230286,Generated
9.450256,-4.046299,Generated
13.024567,-9.626404,Generated
-26.173248,-35.448112,Generated
11.696167,-8.178204,Generated
2.297577,41.34636,Generated
11.694824,2.780445,Generated
-36.17758,-11.630749,Generated
3.2425232,13.071083,Generated
24.464996,-7.177334,Generated
-6.1251526,-2.7645073,Generated
11.150269,17.003899,Generated
-13.315598,3.5701904,Generated
3.1910095,-24.834686,Generated
8.8767395,-17.03865,Generated
10.810425,-4.738289,Generated
22.481873,-8.274067,Generated
-21.191269,-19.575748,Generated
-20.135117,17.543175,Generated
-22.750122,-14.513428,Generated
1.4916077,-7.458748,Generated
-10.064209,4.7502823,Generated
-31.822662,-13.411346,Generated
15.605804,-27.801281,Generated
20.594757,-17.302307,Generated
-6.8551483,-6.476528,Generated
10.702698,-8.9311905,Generated
-15.45047,-10.464912,Generated
22.796173,-15.4232025,Generated
-37.68074,-7.004795,Generated
13.467285,3.594921,Generated
0.52526855,5.706871,Generated
-14.115372,15.438904,Generated
-17.229675,-15.655373,Generated
-7.940857,15.336472,Generated
11.654266,-3.0108147,Generated
-37.990997,-3.5328712,Generated
1.2683105,3.1503105,Generated
6.1424255,4.2904854,Generated
-25.80864,-23.21528,Generated
4.0310974,14.274887,Generated
-15.134537,-7.8530884,Generated
6.052429,9.703911,Generated
11.305634,-16.615776,Generated
4.8498535,-5.4873505,Generated
15.88266,-12.444614,Generated
4.4761353,-19.75866,Generated
8.332245,4.483856,Generated
17.255676,1.8755798,Generated
6.8764343,-3.0115929,Generated
15.568695,9.351955,Generated
19.892426,-32.1745,Generated
-50.53125,-0.20274734,Generated
13.340576,-3.6373444,Generated
4.6706543,2.2406769,Generated
16.002594,1.5268898,Generated
12.600311,3.9669914,Generated
14.064575,5.106735,Generated
26.271484,-37.17518,Generated
-32.938614,8.999599,Generated
1.8921509,18.891365,Generated
13.460022,-7.263981,Generated
11.406067,-2.5498466,Generated
1.21521,5.8724785,Generated
21.904205,-20.04886,Generated
-2.2021027,1.8218689,Generated
-24.340683,-11.6551895,Generated
7.5572815,-3.2972565,Generated
29.296661,-28.887762,Generated
7.8443604,0.41153336,Generated
1.361084,-0.15263367,Generated
11.056335,-12.919178,Generated
24.522034,-14.361843,Generated
-2.937622,1.4052773,Generated
10.36853,-8.53677,Generated
1.2585754,9.281685,Generated
-4.235565,7.010372,Generated
4.8525085,7.025135,Generated
3.6809692,-5.1618195,Generated
3.842865,7.788643,Generated
4.395691,3.4079819,Generated
14.2283325,-6.528084,Generated
-5.7020416,-32.650124,Generated
9.042358,7.0481606,Generated
11.058807,-10.59034,Generated
13.082001,-5.662159,Generated
6.6720886,2.8700867,Generated
12.598358,-17.709156,Generated
-2.6147766,4.675709,Generated
13.473297,8.34486,Generated
8.492523,1.9953384,Generated
10.109558,5.825573,Generated
-1.9310455,-9.029175,Generated
10.494598,-0.42126083,Generated
0.26254272,16.306381,Generated
15.036713,23.552177,Generated
7.8617554,16.921387,Generated
4.0671997,8.641689,Generated
21.143738,-10.393944,Generated
-36.752655,-11.491726,Generated
9.826172,7.752857,Generated
8.106018,-1.2391129,Generated
1.6233826,32.151817,Generated
9.206879,-35.518936,Generated
3.424408,10.4617195,Generated
8.109497,-5.5420227,Generated
-37.77919,-7.300968,Generated
10.578033,-3.2295952,Generated
-24.028046,-18.854412,Generated
-44.456207,13.288002,Generated
-37.33571,-23.32015,Generated
-1.8822784,21.290657,Generated
-29.147018,-7.0546227,Generated
17.600159,6.324379,Generated
8.733704,8.18605,Generated
17.616028,4.761593,Generated
15.1474,-4.151451,Generated
5.4585876,28.683167,Generated
24.161377,-14.289158,Generated
-27.411331,-22.639584,Generated
-43.01155,17.20317,Generated
-13.363647,-5.3352165,Generated
3.5524292,7.2606125,Generated
