epoch,d_adv,d_event,d_total,g_adv,g_identity,g_soc_physics,g_acc_physics,g_range,g_event,g_total,val_identity,val_event,val_soc_physics,val_acc_physics,val_range,val_total
1,0.6613021658526527,0.018570784168938797,0.698443736632665,0.8110945794317458,0.19815668645832274,26.151364771525063,1.3086803336938222,0.0,0.016916779565831853,3.48039034737481,0.15595827575611032,0.008583271359700871,0.24137331772109735,0.3718518112664637,0.0,1.6187619359596916
2,0.6897981570826637,0.0050367406802251935,0.6998716387483809,0.7336271365483602,0.16573868890603383,21.508544476826987,0.8855302996105618,0.0,0.004504742125411415,2.918747409184774,0.1445126209570014,0.0038693604925039995,0.20049107333888178,0.44482187327483425,0.0,1.5013569334278936
3,0.6996403687530094,0.0027303142382556368,0.705100996626748,0.7049673570526971,0.14365215599536896,14.40902002122667,0.5937809586524964,0.0,0.0025193047289374386,2.4940860244962906,0.13570172177708667,0.002137839103259308,0.1644614261129628,0.4160053099951018,0.0,1.4061826182448345
4,0.6932944158713022,0.0014358458063927376,0.696166107389662,0.7055029743247562,0.13425449820028412,9.96570987171597,0.45636487636301254,0.0,0.001281349054382493,2.2955613361464606,0.13568769476335982,0.0019278378053770764,0.15620589207695879,0.2858503470602243,0.0,1.3924417793750763
5,0.6845475998189714,0.0011323086577855672,0.6868122160434723,0.711788460943434,0.12662649850050609,7.565599128935072,0.3735149019294315,0.0,0.0009927541680452932,2.1687024143007068,0.13915670598330704,0.0017240999592974297,0.14253238507586977,0.24701094821743344,0.0,1.4225670021513235
6,0.6808810253938039,0.0009254144656652999,0.6827318516042498,0.7244521372848087,0.11690026579631699,5.890967729356554,0.3116444028086133,0.0,0.0008369097819215514,2.0441123803456622,0.1441577023462109,0.001832717431091663,0.13627622867731945,0.2208085251243218,0.0,1.4700488525888193
7,0.6747743368148804,0.0008124159545534187,0.6763991706901127,0.7437507278389401,0.1153299887975057,5.211796776453654,0.26096872488657635,0.0,0.000669605792952805,2.0287226292822096,0.13088794149782346,0.002071876843135966,0.12118609719302344,0.18114754347049672,0.0,1.3335616510847341
8,0.6763351228502061,0.0007583743103572892,0.6778518696626027,0.7446052425437504,0.11295701455738809,4.606253981590271,0.23501586731937196,0.0,0.0006553133597157688,1.991112678580814,0.12948362691246945,0.0015562937750592423,0.11946239873119023,0.1524635328222876,0.0,1.3155844691007033
9,0.67896635333697,0.0007416720188403916,0.6804496983687083,0.7402002857791052,0.11051812834209866,4.169165370199416,0.21918493823872673,0.0,0.0006442872878526234,1.9519719547695584,0.12321727625701738,0.0010461246527721296,0.10517946663110153,0.10889955893482851,0.0,1.2472585582214852
10,0.6807656314637925,0.0006854618281876254,0.6821365541881985,0.7380152106285095,0.10933210502068201,4.116240758366055,0.20100775965385967,0.0,0.0006042085400420345,1.9349702570173475,0.12182675998495973,0.0009124887039196556,0.10068825397478498,0.10372279568210892,0.0,1.2324786406496298
11,0.6782164911429087,0.0005653758297234566,0.6793472402625613,0.7345593849817912,0.10601790878507826,3.693247111638387,0.17798542032639186,0.0,0.000503513632025311,1.8874089903301663,0.13350939491520758,0.0009077942484746809,0.08842168618803439,0.11712153596074684,0.0,1.3503901232843813
12,0.6811079700787862,0.0005184508512482151,0.6821448736720614,0.7312993559572432,0.10322637259960174,3.513084117571513,0.15781601104471418,0.0,0.00045434985869279547,1.850515075524648,0.11941012788725935,0.0006813145123685346,0.07674052137071671,0.09661693895316642,0.0,1.2066604106322578
13,0.6807604889074962,0.0004803298768820241,0.6817211475637224,0.735421911875407,0.10134844680627188,3.4982097758187187,0.15721885835131008,0.0,0.0004233030812530261,1.8354390607939826,0.11758987961903862,0.000546643691410756,0.08170172151016153,0.10717861321957214,0.0,1.189343978529391
14,0.6799826939900716,0.00046534340573190197,0.6809133807818095,0.7346614824401008,0.10065891858604219,3.2635513067245485,0.15169197420279185,0.0,0.00044501895398651764,1.82258091767629,0.11529519684288812,0.0005404045859113862,0.06986105433948663,0.09699953954828822,0.0,1.1651299569917761
15,0.6815115438567267,0.00039787512376076645,0.6823072950045268,0.7300784130891164,0.09667107264200846,3.160918622546726,0.14157875039511256,0.0,0.0003704693811919747,1.774906305472056,0.11851752209274666,0.0008332958320312647,0.06967012713784757,0.09616428087263004,0.0,1.1978516306566156
16,0.6832254323694441,0.0003548674502073684,0.6839351700411902,0.7279205911689335,0.09587070155474875,3.0399018790986805,0.13543748259544372,0.0,0.0003283109226483955,1.76162601047092,0.11730485360907472,0.0005413454618183491,0.07228967037213885,0.09086866474345974,0.0,1.1846638943838037
17,0.6795394758383433,0.0004049973790339815,0.6803494691848755,0.7328833387957678,0.09612281190024483,2.911993874443902,0.13213312120901213,0.0,0.0004531879396785775,1.7664710097842746,0.11762171514008356,0.0006982928550670571,0.06346817614267701,0.08646412477221178,0.0,1.1875295017076575
18,0.6836364123556349,0.0003670075093396008,0.684370426999198,0.7287102454238468,0.09463862768477864,2.952087908320957,0.12175965358813604,0.0,0.0003349687978495947,1.7469841705428228,0.1254065210080665,0.0004168835029818381,0.06518239163510177,0.12104856093292651,0.0,1.268307492784832
19,0.6816096398565504,0.00036236243209310085,0.682334362798267,0.7285674399799771,0.09240384292271402,2.8216410557428997,0.1222981072962284,0.0,0.0003378712290820355,1.7219442460272048,0.11983030564759088,0.0004358245263890991,0.06488558933462786,0.09765639751339736,0.0,1.2102380550425986
20,0.681595159901513,0.00033071157942888223,0.6822565827104781,0.7269603749116261,0.09191924184560776,2.8668344418207803,0.11721847065620952,0.0,0.0003052084722084045,1.7158217522833081,0.1165671925181928,0.00046474894327769544,0.0533290573436281,0.0882134074750154,0.0,1.176489331152128
21,0.6778644502162934,0.0003108540591913172,0.6784861591127184,0.7333986865149604,0.09127466215027703,2.7440927161110773,0.11827873529659377,0.0,0.0002859760501046872,1.7134269780582851,0.1184664997069732,0.00042618293438230785,0.05590013139273809,0.07172994526184123,0.0,1.193808341803758
22,0.6835562752352821,0.00032912689283774753,0.6842145317130619,0.7271279997295803,0.09014060215817557,2.8500544945398967,0.11524010044005183,0.0,0.0003093257032257194,1.6976777646276686,0.11784542189991992,0.00038536589320005,0.059924922802526016,0.08129417256492635,0.0,1.1885528512622998
23,0.6815338134765625,0.00027992273292814693,0.6820936606989967,0.7289174126254188,0.08725421172049311,2.7317025423049928,0.10910449396404955,0.0,0.00026121916630977973,1.6675264676411947,0.12252209805276083,0.00044851485820444117,0.05513790371301382,0.08566132876212182,0.0,1.2357868953891422
24,0.6844686143928104,0.00027848597124425904,0.6850255866845448,0.724993853436576,0.08664671381314595,2.689583330684238,0.10746977933579022,0.0,0.0002636368614427435,1.6565269006623162,0.12055894619096881,0.000408670473995659,0.05577814943440582,0.07600005748479263,0.0,1.2151223770950152
25,0.6829300191667345,0.0002490971184064013,0.6834282159805298,0.7253514283233219,0.08608697205781937,2.681106752819485,0.10486270189285278,0.0,0.0002461748717501501,1.650821899043189,0.11787325986053633,0.0003820463444635211,0.05768569000065327,0.07567669791371925,0.0,1.1882180740004
26,0.6809884958797031,0.0002683013040546535,0.6815250992774964,0.7293732325236003,0.08568860466281573,2.6178840266333685,0.10469551301664776,0.0,0.00025529358374317074,1.6495970990922717,0.11986605580086293,0.0003664756502036218,0.05265908089020978,0.0698551433565824,0.0,1.2074321871218474
27,0.6807418697410159,0.00023661442974116654,0.6812150994936625,0.7259707159466213,0.08337776511907577,2.5882496158281962,0.09732223488390446,0.0,0.00023193352681118994,1.621709452735053,0.12196896111835605,0.00039241652927518334,0.04988228626873182,0.06485904364482216,0.0,1.2279579911542975
28,0.6812941034634908,0.00024349362267659874,0.6817810926172468,0.7287476234965854,0.08337806322508388,2.6394095871183607,0.10119128843976391,0.0,0.00022677242434130879,1.6258891291088529,0.11563377471073814,0.000308886190158892,0.0571545526061369,0.05771202602140282,0.0,1.1638698240985041
29,0.6840413875050015,0.00023494910751146057,0.6845112866825528,0.7257255825731489,0.08313872317473094,2.5546245495478312,0.10246446397569445,0.0,0.0002281454985172281,1.6189080278078716,0.12308517260395963,0.00045745217832281133,0.051900646284870476,0.06625762606120628,0.0,1.2394304184809974
30,0.6814789851506551,0.00019375019191001129,0.6818664868672689,0.7275348054038153,0.08232651866144604,2.5464383416705663,0.09616394345131185,0.0,0.00018442538752828517,1.6117140120930142,0.11845533776542415,0.0004920632061681397,0.047230947519774025,0.05733721411746481,0.0,1.1922158391579338
